Localidad,Anio,ncmb_1,ncmb_2,ncmb_3,ncmb_4,ncmb_5,ncmb_6,ws_1,ws_2,ws_3,vsp_1,vsp_2,vsp_3,vsp_4,sp_1,sp_2,sp_3,abc_1,abc_2,abc_3,abc_4,aic_1,aic_2,aic_3,hw_1,hw_2,hw_3,hw_4,es_1,es_2,es_3,es_4,pr_1,pr_2,pr_3,pr_4,pfc_1,pfc_2,pfc_3,ti_1,ti_2,ti_3,ti_4,ti_5,aes_1,aes_2,aes_3,aes_4
Usaquén,2009,0.13,0.06,31.0,8178.0,14.8,7.6,999.0,997.0,993.0,0.0366,0.0216,0.9534,0.9184,57.0,15.5,15.3,9.0,1.0,0.91,311.0,652.0,802.0,0.72,77.3,3.2,12.3,158.0,5,5,24965.0,364.0,486.0,605.0,177.0,536.0,1.1754,936.0,96631.0,0.7365,0.1451,0.6875,0.2299,0.5013,43.5,46.06,0.1552,211.0
Usaquén,2010,124.0,56.0,31.6,5749.0,11.9,7.1,999.0,997.0,995.0,0.0366,0.0216,0.9534,0.9184,73.7,22.1,5.7,9.0,1.0,0.93,315.2,683.0,857.0,0.72,77.5,3.4,21.4,135.0,5,5,24.7,312.0,486.0,605.0,131.0,536.0,1.3257,939.0,95606.0,0.8054,0.1567,0.6875,0.1938,0.5013,43.74,46.04,0.1454,0.2618
Usaquén,2011,126.0,0.05,68.0,5266.0,17.9,7.7,1.0,998.0,991.0,0.0366,0.0216,0.9534,0.9184,87.0,13.9,7.2,9.0,1.0,1.0,317.3,714.0,912.0,0.72,77.6,4.2,18.1,113.0,5,5,34122.0,261.0,486.0,605.0,85.0,0.54,0.6674,939.0,94572.0,0.6556,0.1684,0.6875,0.4036,0.5013,46.55,47.05,0.1357,0.3126
Usaquén,2012,132.0,54.0,16.3,7919.0,16.5,7.7,999.0,998.0,993.0,35.0,0.0198,0.9594,0.9076,199.7,9.4,6.9,9.0,1.0,1.0,319.4,688.0,906.0,724.0,77.8,5.0,18.8,134.0,5,5,38347.0,331.0,0.46,611.0,93.0,0.54,1.1636,928.0,93575.0,0.6997,0.1638,0.7453,0.3035,0.4958,45.81,47.65,0.1064,0.3198
Usaquén,2013,126.0,48.0,0.0,7014.0,19.2,10.0,999.0,998.0,996.0,0.0334,0.0181,0.9655,0.8968,133.3,12.8,3.7,0.01,1.0,0.91,312.4,661.0,901.0,728.0,78.0,3.3,20.4,156.0,5,5,29293.0,402.0,435.0,616.0,102.0,0.54,0.6848,916.0,92829.0,0.7434,0.1592,0.8031,0.3997,0.4903,45.11,48.1,0.0771,327.0
Usaquén,2014,122.0,51.0,33.3,7014.0,21.2,10.0,0.9995,0.9981,0.9945,0.0318,0.0163,0.9655,0.8968,133.3,13.0,5.7,0.01,991.0,0.92,312.4,661.0,901.0,732.0,78.0,4.1,18.3,156.0,5,5,29293.0,402.0,435.0,616.0,102.0,0.54,1.5022,916.0,92.13,0.7434,0.1592,0.8031,0.3997,0.4903,50.32,51.26,0.0771,327.0
Chapinero,2009,156.0,66.0,53.4,12974.0,58.8,11.2,1.0,999.0,995.0,0.0207,0.0066,973.0,0.9438,57.0,16.0,10.0,6.0,1.0,1.0,299.7,693.0,843.0,812.0,77.3,8.4,19.7,78.0,5,5,136613.0,291.0,414.0,561.0,109.0,499.0,0.2946,0.95,115243.0,0.7729,0.1957,0.6509,0.2992,0.5121,43.14,46.13,0.2121,0.2651
Chapinero,2010,143.0,59.0,0.0,8316.0,61.2,3.7,1.0,999.0,995.0,0.0207,0.0066,973.0,0.9438,73.7,15.1,9.1,6.0,1.0,1.0,312.4,705.0,866.0,812.0,77.4,9.8,26.9,103.0,5,5,135328.0,309.0,414.0,561.0,105.0,499.0,0.9317,955.0,114.16,0.7679,182.0,0.6509,295.0,0.5121,43.31,45.95,184.0,0.2832
Chapinero,2011,144.0,48.0,53.1,17193.0,67.3,13.8,1.0,999.0,1.0,0.0207,0.0066,973.0,0.9438,87.0,15.7,17.2,6.0,1.0,1.0,318.7,716.0,889.0,812.0,77.6,9.0,33.1,127.0,5,5,145764.0,327.0,414.0,561.0,102.0,488.0,1.8524,955.0,112874.0,0.7308,0.1684,0.6509,0.1891,0.5121,46.55,47.36,0.1559,0.3014
Chapinero,2012,146.0,0.05,0.0,9618.0,48.1,8.6,1.0,999.0,998.0,0.0221,0.0072,0.9731,0.9286,199.7,6.7,11.8,6.0,1.0,1.0,325.0,684.0,867.0,813.0,77.7,8.1,22.5,0.13,5,5,159811.0,264.0,433.0,533.0,134.0,488.0,0.6154,0.94,111719.0,0.6401,0.1616,0.7252,0.1309,0.4394,44.64,46.14,0.1436,0.2696
Chapinero,2013,131.0,48.0,0.0,16135.0,63.8,9.4,1.0,999.0,999.0,0.0235,0.0079,0.9732,0.9134,281.6,9.5,9.5,6.0,0.9863,0.98,288.1,651.0,845.0,813.0,77.9,8.1,33.5,133.0,5,5,88008.0,203.0,451.0,505.0,166.0,488.0,1248.0,925.0,112.21,0.7888,0.1549,0.7995,0.21560000000000001,0.3667,43.16,47.12,0.1314,0.2378
Chapinero,2014,113.0,47.0,0.0,16135.0,80.1,8.9,0.9999,0.9988,1.0,0.0248,0.0086,0.9732,0.9134,281.6,5.8,11.7,6.0,0.9709,0.98,288.1,651.0,845.0,814.0,77.9,4.4,13.1,133.0,5,5,88008.0,203.0,451.0,505.0,166.0,488.0,1.0377,925.0,111.45,0.7888,0.1549,0.7995,0.21560000000000001,0.3667,47.41,49.36,0.1314,0.2378
Santa Fe,2009,151.0,81.0,107.9,14561.0,72.8,14.0,1.0,999.0,1.0,0.0735,0.0677,0.9647,0.8964,154.2,75.5,5.4,24.0,0.9949,0.97,286.0,413.0,747.0,564.0,72.0,5.5,25.9,118.0,5,5,0.0,395.0,324.0,425.0,0.11,495.0,2.6679,921.0,73715.0,0.6667,0.1687,0.8069,194.0,567.0,42.67,46.07,0.1002,0.0906
Santa Fe,2010,135.0,65.0,0.0,19991.0,34.5,11.8,1.0,998.0,1.0,0.0735,0.0677,0.9647,0.8964,138.4,71.8,25.4,24.0,944.0,0.94,290.6,418.0,779.0,564.0,72.3,7.3,35.5,115.0,5,5,0.0,362.0,324.0,425.0,82.0,495.0,2508.0,921.0,73604.0,0.7321,0.1847,0.8069,0.1764,567.0,43.9,45.88,97.0,0.1116
Santa Fe,2011,143.0,54.0,0.0,20.91,71.8,16.7,1.0,998.0,1.0,0.0735,0.0677,0.9647,0.8964,180.1,56.4,17.3,24.0,0.8909,0.9,292.9,423.0,0.81,564.0,72.7,10.0,38.4,112.0,5,5,0.0,349.0,324.0,425.0,55.0,461.0,2.1008,921.0,73641.0,0.8445,0.2007,0.8069,0.0703,567.0,45.59,45.5,0.0939,0.1326
Santa Fe,2012,134.0,54.0,0.0,17.28,40.9,12.8,1.0,999.0,1.0,0.0741,0.0761,0.9555,0.8913,273.7,43.7,16.4,28.0,0.8296,0.81,295.2,456.0,821.0,0.56,73.1,8.2,33.7,126.0,5,5,0.0,374.0,353.0,0.42,65.0,461.0,2.3918,907.0,73666.0,0.6515,0.1918,0.8211,0.2241,0.5344,43.9,45.95,0.0952,0.1515
Santa Fe,2013,154.0,49.0,62.0,24558.0,46.4,13.0,1.0,999.0,1.0,0.0746,0.0845,0.9464,0.8861,442.0,50.9,18.2,31.0,0.8128,0.81,290.1,0.49,833.0,557.0,73.5,4.5,26.0,0.14,5,5,0.0,398.0,383.0,415.0,74.0,461.0,3.4339,893.0,73673.0,0.7556,0.1829,0.8353,0.2064,0.5018,42.49,46.44,0.0966,0.1704
Santa Fe,2014,143.0,47.0,0.0,24558.0,54.6,6.4,0.9999,0.9988,0.9999,0.0752,0.0929,0.9464,0.8861,442.0,63.6,16.4,35.0,0.7635,0.78,290.1,0.49,833.0,553.0,73.5,9.1,17.7,0.14,5,5,0.0,398.0,383.0,415.0,74.0,461.0,1.0317,893.0,73654.0,0.7556,0.1829,0.8353,0.2064,0.5018,47.83,49.23,0.0966,0.1704
San Cristóbal,2009,146.0,79.0,51.5,12431.0,15.1,14.3,1.0,994.0,985.0,0.1,0.1026,0.9611,0.8476,143.8,24.6,6.0,28.0,1.0,0.76,285.5,535.0,797.0,479.0,72.0,4.1,20.4,93.0,3,3,6337.0,693.0,277.0,508.0,74.0,554.0,2.0476,896.0,63618.0,0.8355,0.1274,0.7504,0.1644,441.0,43.28,46.01,0.0895,0.0897
San Cristóbal,2010,146.0,71.0,54.2,13.41,19.5,11.5,1.0,993.0,985.0,0.1,0.1026,0.9611,0.8476,110.2,26.6,5.1,28.0,1.0,0.83,293.4,536.0,0.84,479.0,72.4,3.4,25.8,93.0,3,3,6339.0,581.0,277.0,508.0,75.0,554.0,2.7454,887.0,63636.0,0.6954,0.1908,0.7504,0.4185,441.0,43.88,45.73,0.0888,0.0982
San Cristóbal,2011,141.0,71.0,28.9,10249.0,21.2,13.9,1.0,993.0,997.0,0.1,0.1026,0.9611,0.8476,162.0,25.4,7.1,28.0,1.0,0.86,297.3,537.0,884.0,479.0,72.8,3.7,27.4,93.0,3,3,14641.0,469.0,277.0,508.0,75.0,501.0,1.7254,887.0,63.69,0.5483,0.2541,0.7504,0.4322,441.0,44.88,45.76,0.0882,0.1067
San Cristóbal,2012,0.14,74.0,46.7,9285.0,21.5,13.1,999.0,994.0,997.0,0.0951,0.0853,0.9518,0.8793,192.5,22.5,4.4,27.0,0.9571,0.84,301.2,522.0,0.87,502.0,73.2,3.4,26.2,143.0,3,3,13439.0,463.0,289.0,497.0,81.0,501.0,2.6867,913.0,63774.0,644.0,0.2028,0.8093,0.3601,0.3446,44.64,46.5,0.0723,0.1431
San Cristóbal,2013,128.0,0.04,16.6,10037.0,21.8,10.6,999.0,994.0,998.0,0.0901,0.0679,0.9425,911.0,171.4,17.9,4.9,27.0,0.9566,0.79,295.3,506.0,857.0,525.0,73.5,2.9,24.5,194.0,3,3,3917.0,456.0,301.0,486.0,87.0,501.0,1.5437,938.0,63896.0,0.7171,0.1514,0.8681,0.2461,0.2481,44.09,47.49,0.0564,0.1795
San Cristóbal,2014,0.1305,0.0575,0.0,10037.0,25.5,10.1,0.9986,0.9935,0.9974,0.0851,0.0506,0.9425,911.0,171.4,28.6,3.4,26.0,0.9515,0.87,295.3,506.0,857.0,547.0,73.5,3.2,23.9,194.0,3,3,3917.0,456.0,301.0,486.0,87.0,501.0,1.6652,938.0,64308.0,0.7171,0.1514,0.8681,0.2461,0.2481,49.62,50.34,0.0564,0.1795
Usme,2009,139.0,62.0,0.0,6011.0,12.3,14.1,999.0,0.99,912.0,0.1277,0.0931,0.9446,0.8602,181.8,26.6,9.9,36.0,1.0,0.75,289.8,638.0,766.0,452.0,71.1,3.1,14.3,106.0,5,5,0.0,464.0,431.0,0.59,136.0,564.0,2.7191,895.0,77001.0,0.7365,0.23,0.7825,199.0,0.6181,43.21,45.52,0.0482,0.0865
Usme,2010,142.0,59.0,32.8,4399.0,12.1,10.3,999.0,0.99,925.0,0.1277,0.0931,0.9446,0.8602,172.7,24.5,7.7,36.0,1.0,0.77,297.2,0.57,812.0,452.0,71.5,2.7,20.3,0.11,5,5,0.0,479.0,431.0,0.59,102.0,564.0,2.2392,897.0,73961.0,0.8054,251.0,0.7825,0.1502,0.6181,43.3,45.15,0.0449,0.0885
Usme,2011,132.0,59.0,16.4,8619.0,11.0,11.7,999.0,991.0,942.0,0.1277,0.0931,0.9446,0.8602,166.1,26.6,7.8,36.0,0.9548,0.74,300.9,502.0,858.0,452.0,71.9,2.1,16.0,114.0,5,5,0.0,497.0,431.0,0.59,69.0,508.0,2089.0,897.0,70519.0,0.6556,272.0,0.7825,326.0,0.6181,45.57,46.13,0.0417,0.0905
Usme,2012,131.0,57.0,33.0,5.74,9.0,12.2,999.0,992.0,974.0,0.1177,0.0771,0.9431,0.8591,203.9,16.7,9.2,32.0,0.8846,0.68,304.6,489.0,862.0,455.0,72.3,2.0,18.4,0.14,5,5,0.0,425.0,395.0,553.0,84.0,508.0,1.7512,0.89,67634.0,0.6997,0.2147,0.8,0.2813,0.5198,44.67,46.17,0.0547,0.0973
Usme,2013,135.0,47.0,36.0,6011.0,10.1,11.7,999.0,991.0,961.0,0.1077,61.0,0.9416,0.8581,159.7,18.8,6.0,29.0,0.8977,0.63,294.8,476.0,866.0,458.0,72.6,2.9,14.3,166.0,5,5,0.0,353.0,0.36,517.0,99.0,508.0,1.3803,882.0,65882.0,0.7434,0.1575,0.8174,0.3303,0.4216,43.72,47.06,0.0677,0.1041
Usme,2014,135.0,56.0,0.0,6011.0,15.7,10.3,0.9982,0.9907,0.9937,0.0977,45.0,0.9416,0.8581,159.7,21.0,4.2,25.0,0.8603,0.68,294.8,476.0,866.0,461.0,72.6,2.1,16.3,166.0,5,5,0.0,353.0,0.36,517.0,99.0,508.0,1.5027,882.0,64155.0,0.7434,0.1575,0.8174,0.3303,0.4216,49.48,50.32,0.0677,0.1041
Tunjuelito,2009,119.0,0.07,83.6,10.39,21.3,8.1,1.0,999.0,0.96,0.1107,0.0647,0.9695,0.8604,132.6,22.3,3.8,0.02,1.0,1.0,299.2,616.0,859.0,516.0,72.1,2.5,27.4,0.09,4,3,16822.0,0.44,456.0,452.0,136.0,529.0,1.4815,883.0,25233.0,0.7729,0.1818,765.0,0.2394,0.4568,44.58,46.55,0.0803,0.1283
Tunjuelito,2010,138.0,0.05,0.0,7.92,13.9,10.1,1.0,999.0,967.0,0.1107,0.0647,0.9695,0.8604,110.4,21.3,6.4,0.02,1.0,1.0,305.6,576.0,898.0,516.0,72.4,3.5,19.7,99.0,4,3,16831.0,406.0,456.0,452.0,108.0,529.0,1.4103,882.0,25246.0,0.7679,0.1997,765.0,0.2605,0.4568,45.13,46.14,0.0839,0.1367
Tunjuelito,2011,132.0,0.07,32.2,11.89,17.3,8.7,1.0,1.0,967.0,0.1107,0.0647,0.9695,0.8604,116.4,20.3,12.9,0.02,1.0,1.0,308.8,536.0,937.0,516.0,72.8,5.9,27.5,108.0,4,3,28.24,372.0,456.0,452.0,81.0,499.0,0.9588,882.0,25267.0,0.7308,0.2177,765.0,0.2138,0.4568,47.06,47.02,0.0875,0.1451
Tunjuelito,2012,116.0,0.06,33.5,9425.0,19.3,11.7,1.0,1.0,975.0,94.0,0.0544,0.9555,0.8754,197.4,8.4,11.9,19.0,1.0,1.0,312.0,0.55,911.0,0.54,73.1,2.0,26.6,131.0,4,3,31747.0,347.0,423.0,432.0,0.09,499.0,1.7142,886.0,25298.0,0.6401,0.1801,0.7714,0.1554,0.4691,46.37,46.99,0.0928,0.1677
Tunjuelito,2013,129.0,0.05,0.0,10933.0,21.4,8.5,1.0,1.0,982.0,0.0774,0.0441,0.9416,0.8904,178.9,15.9,7.0,19.0,1.0,1.0,309.1,563.0,886.0,565.0,73.5,4.0,15.7,155.0,4,3,0.0,332.0,0.39,412.0,98.0,499.0,1.1312,0.89,25344.0,0.7888,0.1425,0.7778,0.2131,0.4815,44.94,48.1,0.0981,0.1903
Tunjuelito,2014,125.0,0.05,35.8,10933.0,22.4,11.1,0.9999,0.9997,0.9997,0.0607,0.0338,0.9416,0.8904,178.9,16.0,13.0,18.0,1.0,1.0,309.1,563.0,886.0,0.59,73.5,4.0,22.2,155.0,4,3,0.0,332.0,0.39,412.0,98.0,499.0,1.7398,0.89,25408.0,0.7888,0.1425,0.7778,0.2131,0.4815,50.73,51.82,0.0981,0.1903
Bosa,2009,117.0,0.06,73.0,8117.0,14.4,9.9,999.0,0.99,951.0,0.1048,0.0738,0.9557,0.8954,143.6,17.5,8.2,22.0,1.0,0.83,297.8,448.0,792.0,452.0,73.6,2.2,18.3,142.0,1,4,2165.0,435.0,539.0,0.57,0.09,554.0,2.7711,905.0,39864.0,0.6667,0.1511,0.6813,0.2107,0.5362,44.01,45.96,0.0476,0.0846
Bosa,2010,131.0,0.05,37.6,9489.0,14.6,12.2,1.0,992.0,949.0,0.1048,0.0738,0.9557,0.8954,136.4,28.8,6.2,22.0,1.0,0.9,303.6,506.0,0.84,452.0,74.0,2.6,24.3,0.11,1,4,2109.0,426.0,539.0,0.57,67.0,554.0,1.8783,908.0,39009.0,0.7321,179.0,0.6813,0.1415,0.5362,44.58,45.88,0.0515,0.0859
Bosa,2011,141.0,0.05,19.2,8232.0,16.5,12.8,1.0,992.0,972.0,0.1048,0.0738,0.9557,0.8954,189.9,25.7,5.7,22.0,1.0,0.94,306.4,564.0,888.0,452.0,74.3,1.9,22.3,79.0,1,4,7718.0,417.0,539.0,0.57,44.0,495.0,1.9799,908.0,38247.0,0.8445,0.2069,0.6813,0.0745,0.5362,46.0,46.52,0.0554,0.0873
Bosa,2012,127.0,0.04,67.9,7364.0,13.9,11.4,1.0,992.0,966.0,0.0945,0.0641,0.9476,882.0,222.8,18.9,4.7,21.0,1.0,0.94,309.3,565.0,874.0,0.48,74.6,3.2,21.6,99.0,1,4,5355.0,371.0,516.0,601.0,66.0,495.0,1.7245,897.0,37488.0,0.6515,176.0,744.0,0.2203,0.4168,45.38,46.81,0.0605,0.1
Bosa,2013,123.0,0.04,9.9,6528.0,15.8,9.3,1.0,992.0,0.98,0.0841,0.0545,0.9396,0.8685,156.5,22.5,5.7,21.0,1.0,0.96,299.9,565.0,859.0,508.0,74.9,2.9,15.4,0.12,1,4,1142.0,324.0,493.0,631.0,87.0,495.0,1.4689,887.0,36556.0,0.7556,145.0,0.8067,0.1774,0.2975,44.06,47.41,0.0656,0.1127
Bosa,2014,112.0,45.0,40.1,6528.0,19.4,10.2,0.9999,0.9925,0.9807,0.0738,0.0449,0.9396,0.8685,156.5,17.9,5.7,0.02,1.0,0.99,299.9,565.0,859.0,536.0,74.9,2.9,18.6,0.12,1,4,1142.0,324.0,493.0,631.0,87.0,495.0,1.6894,887.0,36244.0,0.7556,145.0,0.8067,0.1774,0.2975,49.84,50.93,0.0656,0.1127
Kennedy,2009,122.0,47.0,43.7,6916.0,13.3,9.9,1.0,1.0,944.0,0.0668,0.0368,0.9681,0.9107,147.7,24.5,12.7,16.0,0.9327,0.72,313.2,558.0,767.0,533.0,76.2,3.0,18.8,101.0,3,3,29869.0,505.0,377.0,553.0,82.0,569.0,1824.0,935.0,52621.0,0.8355,0.0965,0.7861,161.0,0.5139,45.2,47.09,0.0981,0.1841
Kennedy,2010,125.0,43.0,44.6,7132.0,16.5,10.9,1.0,1.0,969.0,0.0668,0.0368,0.9681,0.9107,136.8,24.5,7.8,16.0,0.9294,0.75,321.0,621.0,825.0,533.0,76.5,2.8,19.3,98.0,3,3,29519.0,407.0,377.0,553.0,82.0,569.0,1.6232,936.0,52005.0,0.6954,0.1667,0.7861,0.3456,0.5139,46.01,46.64,0.1001,0.1924
Kennedy,2011,131.0,0.04,45.6,7157.0,17.7,10.7,1.0,1.0,977.0,0.0668,0.0368,0.9681,0.9107,107.8,27.7,6.9,16.0,0.9324,0.79,324.8,684.0,883.0,533.0,76.7,3.3,19.6,96.0,3,3,16668.0,0.31,377.0,553.0,81.0,533.0,1.6231,936.0,51473.0,0.5483,237.0,0.7861,0.3773,0.5139,48.31,48.63,102.0,0.2007
Kennedy,2012,127.0,45.0,38.6,8053.0,17.8,11.3,1.0,1.0,979.0,0.0621,0.0404,0.9691,0.9078,161.7,19.8,6.6,15.0,0.8981,0.78,328.7,649.0,891.0,558.0,76.9,2.4,19.7,134.0,3,3,18.63,328.0,349.0,528.0,72.0,533.0,1.8883,933.0,51037.0,644.0,0.1671,802.0,0.3421,0.4575,47.37,48.09,0.1033,0.2139
Kennedy,2013,131.0,42.0,32.9,8253.0,18.8,10.3,1.0,999.0,993.0,0.0573,44.0,0.9701,905.0,96.8,15.7,8.4,13.0,0.9149,0.73,318.2,615.0,899.0,583.0,77.1,3.0,16.2,171.0,3,3,18617.0,354.0,321.0,503.0,63.0,533.0,1.0538,931.0,50476.0,0.7171,0.0972,818.0,234.0,0.4011,46.21,48.82,0.1045,0.2272
Kennedy,2014,119.0,61.0,33.3,8253.0,20.1,8.5,0.9999,0.9994,0.9967,0.0526,0.0475,0.9701,905.0,96.8,14.7,9.7,12.0,892.0,0.77,318.2,615.0,899.0,608.0,77.1,2.7,15.7,171.0,3,3,18617.0,354.0,321.0,503.0,63.0,533.0,1.3937,931.0,49.96,0.7171,0.0972,818.0,234.0,0.4011,52.31,53.32,0.1045,0.2272
Fontibón,2009,128.0,57.0,60.1,6966.0,19.4,13.2,1.0,999.0,909.0,0.0388,0.0355,0.9762,0.9599,78.4,10.3,5.8,9.0,0.9333,0.7,309.7,602.0,811.0,673.0,76.5,3.6,12.9,0.12,4,4,31197.0,496.0,443.0,625.0,53.0,569.0,1.3251,951.0,78448.0,0.7365,0.1011,0.7497,0.1681,544.0,44.35,46.6,0.1344,0.2422
Fontibón,2010,112.0,46.0,21.5,7983.0,19.8,11.4,1.0,999.0,967.0,0.0388,0.0355,0.9762,0.9599,65.6,9.5,10.9,9.0,0.9165,0.71,320.6,641.0,855.0,673.0,76.7,3.3,22.7,116.0,3,4,30456.0,486.0,443.0,625.0,77.0,569.0,1.0987,954.0,76582.0,0.8054,0.1553,0.7497,0.1066,544.0,44.84,45.81,0.1244,0.2792
Fontibón,2011,129.0,37.0,45.6,7516.0,18.5,10.7,1.0,999.0,988.0,0.0388,0.0355,0.9762,0.9599,89.9,9.8,12.4,9.0,0.8917,0.71,326.0,681.0,899.0,673.0,76.9,3.5,17.1,113.0,3,4,45388.0,483.0,443.0,625.0,102.0,556.0,0.7337,954.0,74875.0,0.6556,0.2096,0.7497,0.2484,544.0,47.45,47.44,0.1144,0.3162
Fontibón,2012,117.0,35.0,22.8,6217.0,11.9,8.7,1.0,1.0,982.0,0.0376,0.0325,0.9721,941.0,156.3,7.9,13.3,9.0,0.8397,0.69,331.4,643.0,893.0,673.0,77.2,2.8,18.8,141.0,3,4,50585.0,431.0,0.42,576.0,0.07,556.0,1.1775,943.0,73193.0,0.6997,149.0,0.7846,0.2591,0.5321,47.74,47.87,0.1057,0.2642
Fontibón,2013,118.0,38.0,45.9,8.56,14.9,8.3,1.0,1.0,984.0,0.0364,0.0295,0.9681,922.0,102.7,5.8,10.5,9.0,0.8443,0.66,326.8,604.0,886.0,672.0,77.4,3.0,16.1,0.17,3,4,3.59,404.0,396.0,528.0,37.0,556.0,1.1793,932.0,71514.0,0.7434,0.0884,0.8196,261.0,0.5202,46.14,48.67,97.0,0.2122
Fontibón,2014,112.0,0.0425,23.0,8.56,15.4,7.8,0.9999,0.9997,1.0,0.0352,0.0265,0.9681,922.0,102.7,7.4,10.8,9.0,0.8115,0.65,326.8,604.0,886.0,672.0,77.4,2.4,18.6,0.17,3,4,3.59,404.0,396.0,528.0,37.0,556.0,0.6578,932.0,70085.0,0.7434,0.0884,0.8196,261.0,0.5202,51.69,52.51,97.0,0.2122
Engativá,2009,123.0,52.0,53.2,9298.0,18.5,12.1,1.0,1.0,993.0,0.0397,0.0256,0.9522,0.92,65.0,14.2,4.7,9.0,1.0,0.91,322.9,649.0,0.81,633.0,76.2,1.7,18.1,149.0,3,3,21857.0,443.0,0.62,625.0,121.0,565.0,1.1056,942.0,63278.0,0.7729,0.1115,0.8226,0.1796,0.4376,45.75,47.45,109.0,0.2132
Engativá,2010,125.0,46.0,37.9,6937.0,16.4,10.1,1.0,1.0,991.0,0.0397,0.0256,0.9522,0.92,84.4,14.2,6.1,9.0,1.0,0.96,330.4,641.0,847.0,633.0,76.4,2.6,19.9,155.0,3,3,21648.0,412.0,0.62,625.0,103.0,565.0,0.7476,947.0,62.67,0.7679,0.1617,0.8226,0.2259,0.4376,46.2,47.19,0.1006,0.2303
Engativá,2011,125.0,47.0,19.6,9245.0,19.7,11.2,1.0,1.0,986.0,0.0397,0.0256,0.9522,0.92,58.0,9.6,7.5,9.0,0.9624,0.96,334.2,634.0,883.0,633.0,76.7,2.7,19.1,161.0,3,3,26905.0,384.0,0.62,534.0,85.0,559.0,0.8839,947.0,62106.0,0.7308,0.2119,0.8226,0.2384,0.4376,48.4,48.89,0.0922,0.2473
Engativá,2012,124.0,0.04,31.3,6343.0,16.6,9.8,1.0,1.0,989.0,0.0426,0.0226,0.9573,911.0,130.7,9.6,7.4,9.0,0.91215,0.93,337.9,659.0,901.0,0.65,76.9,2.5,19.0,208.0,3,3,29249.0,362.0,553.0,567.0,107.0,559.0,0.8988,932.0,61553.0,0.6401,0.19,0.8177,0.1798,0.4105,47.99,48.58,0.1055,0.2536
Engativá,2013,122.0,45.0,0.0,7451.0,19.7,8.4,1.0,1.0,0.99,0.0455,0.0196,0.9625,0.9019,109.1,7.9,3.6,9.0,0.9173,0.9,325.0,685.0,919.0,666.0,77.1,2.0,18.0,254.0,3,3,18046.0,341.0,486.0,0.6,0.13,559.0,0.6208,918.0,61006.0,0.7888,0.1681,0.8129,0.2106,0.3835,47.1,49.45,0.1188,0.2599
Engativá,2014,0.12,0.0415,30.2,7451.0,20.1,7.8,0.9999,0.9997,984.0,0.0484,0.0166,0.9625,0.9019,109.1,7.5,7.5,9.0,905.0,0.97,325.0,685.0,919.0,682.0,77.1,3.8,20.1,254.0,3,3,18046.0,341.0,486.0,0.6,0.13,559.0,0.5056,918.0,60573.0,0.7888,0.1681,0.8129,0.2106,0.3835,52.81,53.64,0.1188,0.2599
Suba,2009,125.0,53.0,57.2,7559.0,15.2,11.1,998.0,981.0,996.0,0.0504,0.0429,0.9639,0.8674,129.8,13.9,6.5,11.0,1.0,0.85,311.7,543.0,831.0,656.0,77.6,2.1,17.2,106.0,5,3,22285.0,302.0,488.0,0.51,0.08,582.0,1.0865,907.0,88.55,0.6667,0.1515,0.6837,0.2274,0.5213,44.54,46.59,0.1255,0.22
Suba,2010,122.0,47.0,40.9,5939.0,14.5,11.9,998.0,982.0,998.0,0.0504,0.0429,0.9639,0.8674,121.5,13.5,3.5,11.0,1.0,0.91,316.2,595.0,881.0,656.0,77.7,2.9,19.6,122.0,5,3,21743.0,299.0,488.0,0.51,103.0,582.0,1196.0,905.0,86398.0,0.7321,0.2085,0.6837,0.1067,0.5213,45.18,46.25,0.1231,0.2255
Suba,2011,0.13,43.0,13.9,6.08,15.0,10.9,998.0,993.0,1.0,0.0504,0.0429,0.9639,0.8674,131.1,13.7,3.2,11.0,1.0,0.93,318.5,646.0,931.0,656.0,77.8,2.3,15.7,137.0,5,3,27312.0,299.0,488.0,0.51,126.0,562.0,1.1753,905.0,84369.0,0.8445,0.2655,0.6837,0.0787,0.5213,47.04,48.03,0.1207,231.0
Suba,2012,132.0,43.0,41.7,6122.0,13.2,10.0,998.0,983.0,992.0,0.0483,0.0386,0.9608,0.8684,132.0,10.8,3.8,11.0,0.9941,0.92,320.7,634.0,907.0,665.0,77.9,2.6,17.9,156.0,5,3,28689.0,288.0,424.0,519.0,91.0,562.0,0.8307,911.0,82504.0,0.6515,0.1987,0.7682,0.2166,0.5027,46.64,47.57,0.1236,229.0
Suba,2013,126.0,42.0,13.8,6427.0,15.5,9.8,1.0,985.0,992.0,0.0463,0.0343,0.9577,0.8693,127.0,9.3,3.9,11.0,0.9954,0.95,314.5,623.0,883.0,675.0,78.1,1.7,16.2,174.0,5,3,22225.0,277.0,0.36,529.0,57.0,562.0,1.3852,917.0,80.6,0.7556,0.1319,0.8526,0.1485,0.4842,45.3,48.55,0.1264,0.2271
Suba,2014,128.0,0.0425,40.7,6427.0,19.2,9.6,0.9999,985.0,0.9913,0.0442,0.0301,0.9577,0.8693,127.0,7.7,3.7,11.0,0.9391,1.0,314.5,623.0,883.0,685.0,78.1,2.3,15.0,174.0,5,3,22225.0,277.0,0.36,529.0,57.0,562.0,1.0106,917.0,78815.0,0.7556,0.1319,0.8526,0.1485,0.4842,50.96,52.13,0.1264,0.2271
Barrios Unidos,2009,132.0,49.0,114.7,7778.0,19.4,17.2,1.0,999.0,1.0,0.0478,0.0282,0.9644,0.9184,110.2,10.4,10.4,13.0,838.0,0.83,323.8,631.0,0.91,635.0,74.9,1.7,15.8,147.0,3,4,28518.0,377.0,548.0,546.0,108.0,513.0,0.5437,941.0,44937.0,0.8355,0.1034,0.7215,0.1575,0.5671,44.95,47.46,0.1318,0.2832
Barrios Unidos,2010,139.0,0.05,119.3,6014.0,13.7,14.9,1.0,999.0,1.0,0.0478,0.0282,0.9644,0.9184,97.9,9.9,9.0,13.0,0.8128,0.86,330.0,668.0,904.0,635.0,75.1,2.6,17.6,123.0,3,4,28.35,356.0,548.0,546.0,0.1,513.0,0.7019,945.0,44673.0,0.6954,0.1426,0.7215,0.2727,0.5671,46.85,47.63,0.1268,0.2905
Barrios Unidos,2011,134.0,48.0,56.2,8983.0,21.4,13.5,1.0,1.0,1.0,0.0478,0.0282,0.9644,0.9184,93.7,9.8,4.7,13.0,0.7706,0.87,333.1,705.0,899.0,635.0,75.3,1.3,10.6,99.0,3,4,47908.0,335.0,548.0,546.0,91.0,0.52,0.7058,945.0,44486.0,0.5483,0.1819,0.7215,0.3223,0.5671,49.22,50.1,0.1218,0.2977
Barrios Unidos,2012,131.0,42.0,0.0,8087.0,16.6,6.1,1.0,999.0,1.0,42.0,0.0263,0.9596,0.9158,130.7,6.4,12.3,12.0,0.7327,0.81,336.2,663.0,868.0,658.0,75.5,3.4,14.7,135.0,3,4,55331.0,282.0,576.0,497.0,109.0,0.52,0.5718,934.0,44265.0,644.0,0.1593,0.7605,0.3242,0.5552,47.55,48.99,0.1195,275.0
Barrios Unidos,2013,123.0,42.0,60.2,5921.0,19.5,15.0,1.0,999.0,1.0,0.0362,0.0243,0.9548,0.9132,115.0,4.2,8.5,11.0,0.7262,0.83,330.4,621.0,838.0,681.0,75.7,2.1,21.5,172.0,3,4,14.38,231.0,604.0,448.0,127.0,0.52,0.4387,923.0,43987.0,0.7171,0.1368,0.7996,222.0,0.5432,45.74,48.67,0.1172,0.2523
Barrios Unidos,2014,116.0,38.0,62.9,5921.0,24.8,8.8,0.9999,0.9993,0.9998,0.0304,0.0224,0.9548,0.9132,115.0,5.4,5.5,0.01,0.7554,0.83,330.4,621.0,838.0,704.0,75.7,1.3,11.7,172.0,3,4,14.38,231.0,604.0,448.0,127.0,0.52,0.1557,923.0,43628.0,0.7171,0.1368,0.7996,222.0,0.5432,52.34,53.56,0.1172,0.2523
Teusaquillo,2009,121.0,65.0,73.6,13204.0,40.3,12.5,1.0,1.0,1.0,0.0293,0.0098,0.9551,0.9387,93.1,22.2,22.6,8.0,1.0,1.0,322.6,776.0,845.0,817.0,77.2,5.6,22.5,113.0,5,5,135519.0,0.24,396.0,544.0,125.0,0.53,0.5169,944.0,84786.0,0.7158,0.1885,0.6876,0.1662,0.2874,42.63,47.13,0.2243,0.2934
Teusaquillo,2010,116.0,51.0,0.0,13089.0,34.4,7.3,1.0,1.0,1.0,0.0293,0.0098,0.9551,0.9387,84.0,9.0,10.3,8.0,1.0,1.0,328.0,803.0,883.0,817.0,77.4,6.2,20.1,118.0,5,5,134337.0,275.0,396.0,544.0,152.0,0.53,0.5439,944.0,84047.0,0.7391,0.2285,0.6876,0.1422,0.2874,44.2,47.2,0.2203,0.3121
Teusaquillo,2011,115.0,51.0,74.7,10915.0,55.9,12.0,1.0,999.0,1.0,0.0293,0.0098,0.9551,0.9387,101.6,8.9,16.4,8.0,1.0,1.0,330.6,0.83,921.0,817.0,77.6,8.2,18.5,123.0,5,5,113246.0,319.0,396.0,544.0,178.0,543.0,0.5411,944.0,83229.0,0.6664,0.2685,0.6876,0.2547,0.2874,46.55,48.68,0.2162,0.3309
Teusaquillo,2012,144.0,54.0,0.0,12168.0,46.0,15.4,1.0,1.0,1.0,0.0239,0.0098,0.9615,923.0,212.3,8.1,11.5,6.0,1.0,1.0,333.3,793.0,921.0,825.0,77.8,2.7,18.4,158.0,5,5,127085.0,256.0,467.0,533.0,0.16,543.0,1.6203,928.0,82.47,0.6818,0.2287,725.0,0.2637,0.3704,46.5,48.2,0.1904,0.3405
Teusaquillo,2013,141.0,0.04,0.0,8045.0,52.3,11.7,1.0,1.0,1.0,0.0185,0.0098,0.9679,0.9073,249.4,7.4,10.1,5.0,1.0,1.0,309.9,757.0,0.92,832.0,78.0,6.0,19.8,194.0,5,5,63687.0,226.0,539.0,522.0,142.0,543.0,0.5495,913.0,81788.0,0.6685,0.1888,0.7623,0.2639,0.4535,45.78,50.15,0.1646,0.3501
Teusaquillo,2014,125.0,0.0345,0.0,8045.0,52.6,10.2,0.9999,0.9999,1.0,0.0131,0.0098,0.9679,0.9073,249.4,4.6,10.6,3.0,1.0,1.0,309.9,757.0,0.92,839.0,78.0,2.7,16.0,194.0,5,5,63687.0,226.0,539.0,522.0,142.0,543.0,303.0,913.0,81206.0,0.6685,0.1888,0.7623,0.2639,0.4535,51.49,53.6,0.1646,0.3501
Los Mártires,2009,128.0,71.0,0.0,20559.0,43.2,12.0,1.0,999.0,1.0,0.0666,0.0273,917.0,0.7543,246.7,67.8,11.1,15.0,1.0,1.0,323.9,506.0,781.0,558.0,72.8,4.1,26.1,89.0,2,1,41117.0,306.0,335.0,444.0,83.0,0.5,2.3564,795.0,45229.0,0.7286,0.1922,0.6864,194.0,0.6375,45.46,47.64,82.0,0.1558
Los Mártires,2010,141.0,57.0,79.4,24587.0,34.8,16.7,1.0,999.0,1.0,0.0666,0.0273,917.0,0.7543,212.1,70.7,22.5,15.0,1.0,1.0,333.6,521.0,807.0,558.0,73.0,6.1,30.4,108.0,2,1,40979.0,265.0,335.0,444.0,0.08,0.5,2.4294,789.0,45077.0,737.0,0.1942,0.6864,0.2155,0.6375,46.04,46.95,0.0953,0.1616
Los Mártires,2011,0.15,48.0,82.6,20424.0,55.1,10.7,1.0,999.0,1.0,0.0666,0.0273,917.0,0.7543,349.2,59.2,21.4,15.0,1.0,1.0,338.5,536.0,833.0,558.0,73.1,4.1,34.6,126.0,2,1,64334.0,0.28,335.0,444.0,77.0,476.0,1.2376,789.0,44932.0,0.7033,0.1963,0.6864,0.2002,0.6375,47.75,48.57,0.1087,0.1675
Los Mártires,2012,141.0,57.0,163.3,14255.0,28.5,11.4,1.0,1.0,1.0,0.0621,0.0289,0.9091,0.7672,448.0,54.0,27.5,15.0,1.0,1.0,343.3,562.0,873.0,566.0,73.3,3.1,30.2,151.0,2,1,86.55,233.0,355.0,436.0,65.0,476.0,2.5316,807.0,44802.0,0.6921,0.1648,0.7296,0.1722,0.5333,46.87,48.51,0.0996,0.1842
Los Mártires,2013,138.0,47.0,0.0,17268.0,29.5,11.6,1.0,1.0,1.0,0.0576,0.0306,0.9011,0.7801,347.4,45.7,22.3,14.0,1.0,1.0,324.8,588.0,912.0,574.0,73.5,1.0,30.2,176.0,2,1,5079.0,199.0,375.0,428.0,53.0,476.0,3.5691,825.0,44693.0,0.7405,0.1334,0.7729,0.1894,0.4292,46.77,50.07,0.0905,0.2009
Los Mártires,2014,125.0,0.06,0.0,17268.0,49.7,8.7,0.9999,0.9997,1.0,0.0532,0.0323,0.9011,0.7801,347.4,57.7,27.4,13.0,1.0,1.0,324.8,588.0,912.0,581.0,73.5,3.0,21.8,176.0,2,1,5079.0,199.0,375.0,428.0,53.0,476.0,6545.0,825.0,44608.0,0.7405,0.1334,0.7729,0.1894,0.4292,52.55,54.08,0.0905,0.2009
Antonio Nariño,2009,129.0,73.0,77.0,4632.0,29.6,6.9,1.0,965.0,981.0,0.0577,0.0537,0.9748,0.9402,169.5,18.5,8.9,8.0,1.0,1.0,319.4,549.0,854.0,602.0,76.3,1.9,21.6,148.0,2,2,87089.0,304.0,446.0,471.0,71.0,505.0,0.2253,953.0,50.03,0.6112,0.1403,0.7861,0.1992,0.3356,45.28,47.63,0.0974,0.1688
Antonio Nariño,2010,109.0,54.0,0.0,6472.0,22.2,12.4,1.0,965.0,0.98,0.0577,0.0537,0.9748,0.9402,182.2,23.1,8.3,8.0,1.0,1.0,325.4,621.0,888.0,602.0,76.5,0.9,17.6,121.0,2,2,86916.0,273.0,446.0,471.0,98.0,505.0,0.2306,955.0,49931.0,0.7333,0.1979,0.7861,0.1235,0.3356,46.74,47.22,0.0882,0.1966
Antonio Nariño,2011,139.0,61.0,0.0,14773.0,31.4,13.8,1.0,966.0,1.0,0.0577,0.0537,0.9748,0.9402,178.2,12.9,5.5,8.0,1.0,1.0,328.4,694.0,923.0,602.0,76.7,4.6,23.5,94.0,2,2,108026.0,251.0,446.0,471.0,124.0,495.0,1.1829,955.0,49858.0,0.7428,0.2554,0.7861,0.0937,0.3356,48.35,48.42,79.0,0.2244
Antonio Nariño,2012,118.0,62.0,0.0,11064.0,30.4,12.4,1.0,963.0,1.0,0.0478,0.0407,0.9644,0.9236,206.5,6.5,10.1,8.0,0.9926,1.0,331.4,623.0,886.0,597.0,76.8,3.7,21.6,123.0,2,2,128161.0,247.0,481.0,468.0,82.0,495.0,1.2115,947.0,49789.0,0.6375,0.1946,0.7852,0.2442,0.4094,48.09,48.67,104.0,0.2197
Antonio Nariño,2013,129.0,48.0,153.3,12891.0,35.0,10.7,1.0,964.0,1.0,0.0379,0.0277,954.0,907.0,235.7,8.3,10.1,8.0,0.9657,1.0,335.0,552.0,848.0,591.0,77.0,3.7,14.7,153.0,2,2,65373.0,257.0,517.0,465.0,0.04,495.0,1.4911,939.0,49721.0,735.0,0.1338,0.7844,0.1482,0.4832,46.72,49.24,129.0,0.2149
Antonio Nariño,2014,135.0,45.0,0.0,12891.0,35.9,9.5,0.9999,0.9647,1.0,0.0279,0.0147,954.0,907.0,235.7,15.6,15.6,8.0,0.9919,1.0,335.0,552.0,848.0,586.0,77.0,2.8,18.0,153.0,2,2,65373.0,257.0,517.0,465.0,0.04,495.0,0.7829,939.0,49648.0,735.0,0.1338,0.7844,0.1482,0.4832,52.62,53.38,129.0,0.2149
Puente Aranda,2009,114.0,0.05,115.8,9676.0,18.2,9.6,1.0,1.0,1.0,0.0272,0.0418,0.9719,0.9582,108.0,15.5,4.2,8.0,1.0,0.95,327.2,0.71,882.0,605.0,75.8,6.2,22.1,149.0,4,3,67346.0,466.0,0.47,453.0,58.0,561.0,0.8507,962.0,102567.0,0.7859,0.1846,0.7652,0.1492,0.52,46.37,47.67,0.1223,0.2632
Puente Aranda,2010,126.0,37.0,31.8,9662.0,20.5,10.8,1.0,1.0,1.0,0.0272,0.0418,0.9719,0.9582,85.4,18.6,12.8,8.0,1.0,0.97,335.2,701.0,899.0,605.0,76.0,2.3,22.1,152.0,4,3,67246.0,402.0,0.47,453.0,62.0,561.0,0.2187,964.0,102415.0,0.6962,184.0,0.7652,0.2712,0.52,47.31,47.69,0.0963,0.2451
Puente Aranda,2011,127.0,43.0,31.5,10834.0,25.5,8.5,1.0,1.0,1.0,0.0272,0.0418,0.9719,0.9582,107.2,13.2,14.7,8.0,1.0,1.0,339.2,692.0,916.0,605.0,76.3,4.6,23.0,155.0,4,3,76226.0,347.0,0.47,453.0,67.0,536.0,1.1189,964.0,102538.0,0.5889,0.1835,0.7652,0.2986,0.52,49.09,49.81,0.0703,0.2269
Puente Aranda,2012,0.12,43.0,33.5,11231.0,24.8,8.4,1.0,1.0,1.0,0.0296,0.0322,0.9737,0.9503,160.7,7.7,12.8,13.0,1.0,0.98,343.2,712.0,927.0,618.0,76.5,1.9,26.4,181.0,4,3,84814.0,378.0,0.46,485.0,72.0,536.0,1.0329,958.0,102629.0,0.6854,0.1514,0.7872,0.2697,0.4919,48.38,49.18,0.0927,0.2357
Puente Aranda,2013,123.0,42.0,65.7,9299.0,22.9,7.6,1.0,1.0,1.0,32.0,0.0226,0.9755,0.9424,107.3,12.8,9.3,19.0,1.0,0.95,336.9,733.0,938.0,631.0,76.7,1.9,19.9,208.0,4,3,41069.0,417.0,451.0,516.0,77.0,536.0,0.4719,951.0,102673.0,0.6921,0.1194,0.8092,206.0,0.4638,47.61,49.71,0.1151,0.2445
Puente Aranda,2014,111.0,51.0,31.9,9299.0,32.2,7.7,0.9999,0.9999,1.0,0.0344,0.0131,0.9755,0.9424,107.3,8.1,13.6,24.0,1.0,0.99,336.9,733.0,938.0,645.0,76.7,5.4,15.2,208.0,4,3,41069.0,417.0,451.0,516.0,77.0,536.0,0.7494,951.0,102652.0,0.6921,0.1194,0.8092,206.0,0.4638,52.91,54.51,0.1151,0.2445
La Candelaria,2009,164.0,88.0,0.0,12451.0,0.0,3.0,1.0,1.0,1.0,59.0,0.0612,0.9144,0.8751,161.9,24.9,4.0,24.0,1.0,1.0,284.6,505.0,796.0,635.0,73.3,0.0,0.0,0.07,5,2,0.0,402.0,466.0,378.0,69.0,497.0,1385.0,904.0,41502.0,0.6951,192.0,0.6705,0.1642,0.4162,42.95,45.38,0.1311,0.1496
La Candelaria,2010,138.0,56.0,0.0,16586.0,128.5,7.8,1.0,1.0,1.0,59.0,0.0612,0.9144,0.8751,315.1,16.6,37.3,24.0,1.0,1.0,296.5,521.0,815.0,635.0,73.6,0.0,26.3,104.0,4,2,0.0,404.0,466.0,378.0,0.09,497.0,9.0634,0.9,41465.0,0.6728,0.2184,0.6705,0.1778,0.4162,43.25,45.24,0.1051,0.1627
La Candelaria,2011,157.0,51.0,0.0,49702.0,8.3,19.7,1.0,1.0,1.0,59.0,0.0612,0.9144,0.8751,368.6,16.6,16.6,24.0,1.0,1.0,302.5,538.0,834.0,635.0,74.0,4.1,52.7,139.0,4,2,0.0,474.0,466.0,378.0,111.0,474.0,0.0,0.9,41418.0,0.6772,0.2449,0.6705,0.2611,0.4162,44.3,46.15,0.0791,0.1758
La Candelaria,2012,156.0,59.0,0.0,12417.0,111.8,3.0,1.0,1.0,1.0,0.0542,0.0518,0.9405,0.8886,521.5,0.0,12.4,22.0,1.0,1.0,308.4,0.53,799.0,638.0,74.3,0.0,26.4,164.0,4,2,0.0,422.0,459.0,425.0,76.0,474.0,1.4684,913.0,41391.0,664.0,0.1797,743.0,0.2682,0.4348,43.71,46.48,0.1117,0.2003
La Candelaria,2013,138.0,53.0,0.0,37252.0,74.5,5.9,1.0,1.0,1.0,0.0493,0.0425,0.9667,0.9021,554.6,0.0,20.7,21.0,1.0,1.0,297.1,522.0,765.0,0.64,74.7,0.0,39.6,189.0,4,2,0.0,372.0,452.0,471.0,41.0,474.0,8.9955,926.0,41391.0,0.5936,0.1146,0.8155,0.2669,0.4534,42.71,46.84,0.1442,0.2247
La Candelaria,2014,125.0,0.0445,190.1,37252.0,16.6,15.2,0.9999,0.9999,1.0,0.0444,0.0332,0.9667,0.9021,554.6,16.6,8.3,19.0,1.0,1.0,297.1,522.0,765.0,643.0,74.7,12.4,48.6,189.0,4,2,0.0,372.0,452.0,471.0,41.0,474.0,1.7422,926.0,41425.0,0.5936,0.1146,0.8155,0.2669,0.4534,48.96,50.29,0.1442,0.2247
Rafael Uribe Uribe,2009,128.0,74.0,73.9,12179.0,19.6,12.7,994.0,988.0,987.0,0.0799,64.0,0.9613,0.8796,142.7,23.6,7.1,21.0,1.0,1.0,309.6,574.0,808.0,508.0,74.5,4.8,21.7,133.0,3,2,14032.0,405.0,0.19,523.0,93.0,0.57,1.9856,925.0,65.66,0.6843,0.1614,0.7683,0.2085,286.0,44.16,46.55,0.1319,0.0852
Rafael Uribe Uribe,2010,129.0,65.0,16.1,9528.0,18.0,12.4,1.0,994.0,989.0,0.0799,64.0,0.9613,0.8796,114.3,22.0,5.3,21.0,1.0,1.0,314.4,546.0,838.0,508.0,74.8,2.1,27.3,128.0,3,2,14027.0,352.0,0.19,523.0,75.0,0.57,2.3284,939.0,65902.0,0.7062,228.0,0.7683,0.2051,286.0,45.02,46.27,0.1215,0.0757
Rafael Uribe Uribe,2011,131.0,76.0,50.3,10858.0,23.0,14.6,1.0,995.0,994.0,0.0799,64.0,0.9613,0.8796,144.6,31.0,4.8,21.0,1.0,1.0,316.7,517.0,868.0,508.0,75.1,4.8,26.5,123.0,3,2,25952.0,299.0,0.19,523.0,58.0,511.0,1.9591,939.0,66.2,0.6759,0.2947,0.7683,0.1619,286.0,46.74,47.64,0.1112,0.0661
Rafael Uribe Uribe,2012,134.0,66.0,17.6,12193.0,16.2,11.6,997.0,991.0,994.0,0.0732,0.0672,0.9526,0.8487,186.6,28.6,5.6,0.02,1.0,0.96,319.1,541.0,864.0,524.0,75.4,4.8,25.7,116.0,3,2,27831.0,315.0,345.0,0.52,81.0,511.0,1.5707,895.0,66.27,0.7442,0.2284,0.7705,0.1646,0.3797,46.12,47.37,0.1019,0.1053
Rafael Uribe Uribe,2013,123.0,62.0,34.6,9.29,18.8,9.2,994.0,989.0,997.0,0.0664,0.0703,944.0,0.8177,154.7,30.3,3.7,0.02,1.0,1.0,306.8,565.0,859.0,541.0,75.7,1.6,25.3,109.0,3,2,12475.0,344.0,0.5,517.0,104.0,511.0,2.0646,852.0,66.35,0.6922,0.1622,0.7727,0.1681,0.4734,44.91,48.24,0.0927,0.1444
Rafael Uribe Uribe,2014,119.0,51.0,0.0,9.29,19.7,7.8,0.9984,993.0,0.9975,0.0596,0.0735,944.0,0.8177,154.7,20.3,7.4,19.0,1.0,1.0,306.8,565.0,859.0,557.0,75.7,4.3,26.0,109.0,3,2,12475.0,344.0,0.5,517.0,104.0,511.0,1.6241,852.0,66.48,0.6922,0.1622,0.7727,0.1681,0.4734,51.04,51.91,0.0927,0.1444
Ciudad Bolívar,2009,136.0,58.0,17.2,7462.0,14.1,14.2,972.0,942.0,855.0,0.0935,0.1433,0.9425,0.8439,243.5,41.4,32.4,29.0,0.9888,0.62,284.0,511.0,759.0,409.0,71.6,6.3,20.7,108.0,2,3,2109.0,566.0,402.0,552.0,134.0,557.0,3.6966,851.0,67.16,0.5557,0.1928,0.6684,0.1709,0.5913,43.1,45.41,0.0682,0.0952
Ciudad Bolívar,2010,134.0,55.0,26.9,8594.0,11.8,11.9,1.0,964.0,897.0,0.0935,0.1433,0.9425,0.8439,192.6,48.1,4.9,29.0,0.9512,0.66,290.4,0.52,0.81,409.0,72.0,5.3,17.7,78.0,2,3,2069.0,517.0,402.0,552.0,131.0,557.0,2.8471,847.0,65.89,0.7344,0.2382,0.6684,0.1404,0.5913,43.08,44.8,0.0695,0.0989
Ciudad Bolívar,2011,138.0,61.0,92.8,10001.0,15.8,13.4,1.0,965.0,916.0,0.0935,0.1433,0.9425,0.8439,230.8,46.9,5.3,29.0,0.9102,0.64,293.5,529.0,861.0,409.0,72.4,4.2,21.3,47.0,2,3,9.22,469.0,402.0,552.0,127.0,493.0,2.4255,847.0,64.85,0.6411,0.2836,0.6684,0.1086,0.5913,44.62,45.07,0.0707,0.1026
Ciudad Bolívar,2012,128.0,64.0,64.2,7674.0,10.0,11.7,999.0,959.0,928.0,0.0951,0.1162,0.9535,858.0,258.0,36.8,5.4,25.0,0.8626,0.63,296.7,509.0,858.0,442.0,72.8,2.9,21.9,0.1,2,3,5372.0,425.0,426.0,0.56,137.0,493.0,2.7193,0.86,63.69,0.6234,0.2515,0.7303,0.2718,0.5303,43.78,45.61,0.0806,0.1066
Ciudad Bolívar,2013,138.0,59.0,30.0,8592.0,13.1,10.8,998.0,968.0,943.0,0.0966,0.0891,0.9644,0.8722,204.0,36.5,6.2,21.0,0.8548,0.6,287.2,489.0,856.0,475.0,73.2,3.8,15.2,153.0,2,3,5276.0,381.0,451.0,567.0,146.0,493.0,2.6343,874.0,63.16,0.7145,0.2195,0.7923,0.1479,0.4693,43.19,46.4,0.0906,0.1106
Ciudad Bolívar,2014,129.0,0.06,28.4,8592.0,13.3,9.8,0.9983,0.9698,0.9389,0.0981,62.0,0.9644,0.8722,204.0,38.1,8.9,17.0,0.8048,0.63,287.2,489.0,856.0,508.0,73.2,4.6,18.1,153.0,2,3,5276.0,381.0,451.0,567.0,146.0,493.0,2.5591,874.0,62.18,0.7145,0.2195,0.7923,0.1479,0.4693,48.86,49.67,0.0906,0.1106
